{
  "id": "5f2733041990631644ec50ed",
  "commerceName": "Le Bistrot",
  "menu": {
    "categoryList": [
      {
        "categoryName": "Entrées",
        "subCategoryList": [
          {
            "subCategoryName": "NoName",
            "description": null,
            "items": [
              {
                "name": "Oeuf mayonaise maison",
                "description": "",
                "priceList": [
                  {
                    "price": 7.0
                  }
                ]
              },
              {
                "name": "Filet de hareng, pommes de terre, échalotes",
                "description": "",
                "priceList": [
                  {
                    "price": 9.0
                  }
                ]
              },
              {
                "name": "Assiette de saumon fumé et ses toasts ",
                "description": "",
                "priceList": [
                  {
                    "price": 14.0
                  }
                ]
              },
              {
                "name": "Soupe gratinée à l'oignon",
                "description": "",
                "priceList": [
                  {
                    "price": 8.0
                  }
                ]
              },
              {
                "name": "Oeuf mayonaise maison",
                "description": "",
                "priceList": [
                  {
                    "price": 7.0
                  }
                ]
              },
              {
                "name": "Filet de hareng, pommes de terre, échalotes",
                "description": "",
                "priceList": [
                  {
                    "price": 9.0
                  }
                ]
              },
              {
                "name": "Assiette de saumon fumé et ses toasts ",
                "description": "",
                "priceList": [
                  {
                    "price": 14.0
                  }
                ]
              },
              {
                "name": "Soupe gratinée à l'oignon",
                "description": "",
                "priceList": [
                  {
                    "price": 8.0
                  }
                ]
              },
              {
                "name": "Oeuf mayonaise maison",
                "description": "",
                "priceList": [
                  {
                    "price": 7.0
                  }
                ]
              },
              {
                "name": "Filet de hareng, pommes de terre, échalotes",
                "description": "",
                "priceList": [
                  {
                    "price": 9.0
                  }
                ]
              },
              {
                "name": "Assiette de saumon fumé et ses toasts ",
                "description": "",
                "priceList": [
                  {
                    "price": 14.0
                  }
                ]
              },
              {
                "name": "Soupe gratinée à l'oignon",
                "description": "",
                "priceList": [
                  {
                    "price": 8.0
                  }
                ]
              }
            ]
          }
        ]
      },
      {
        "categoryName": "Plats",
        "subCategoryList": [
          {
            "subCategoryName": "NoName",
            "description": null,
            "items": [
              {
                "name": "Pavé de rumsteak",
                "description": "Pommes Pont-neuf maison",
                "priceList": [
                  {
                    "price": 18.0
                  }
                ]
              },
              {
                "name": "Entrecôte XL 300g",
                "description": "Sur planche, pommes Pont-neuf",
                "priceList": [
                  {
                    "price": 21.0
                  }
                ]
              },
              {
                "name": "Tartare de bœuf",
                "description": "Pommes de terre maison haché à la commande",
                "priceList": [
                  {
                    "price": 15.0
                  }
                ]
              },
              {
                "name": "Burger maison",
                "description": "Viande d’Aubrac frites, steak haché, oignon, tomate, bacon et cheddar",
                "priceList": [
                  {
                    "price": 14.5
                  }
                ]
              }
            ]
          }
        ]
      },
      {
        "categoryName": "Vins",
        "subCategoryList": [
          {
            "subCategoryName": "Rouge",
            "description": null,
            "sizeItemList": [
              {
                "size": "14cl"
              },
              {
                "size": "25cl"
              },
              {
                "size": "50cl"
              },
              {
                "size": "75cl"
              }
            ],
            "items": [
              {
                "name": "Bordeaux",
                "description": "AOC Domaine de Brivazac",
                "priceList": [
                  {
                    "price": 4.9
                  },
                  {
                    "price": 9.0
                  },
                  {
                    "price": 16.0
                  },
                  {
                    "price": 24.0
                  }
                ]
              },
              {
                "name": "Morgon",
                "description": "AOC Domaine Lafond \"les charmes\"",
                "priceList": [
                  {
                    "price": 6.3
                  },
                  {
                    "price": 7.0
                  },
                  {
                    "price": 15.0
                  },
                  {
                    "price": 23.0
                  }
                ]
              },
              {
                "name": "Pessac Leognan",
                "description": "AOC Château Haut-Vigneau",
                "priceList": [
                  {
                    "price": 10.0
                  },
                  {
                    "price": 15.0
                  },
                  {
                    "price": 29.0
                  },
                  {
                    "price": 37.0
                  }
                ]
              },
              {
                "name": "Merlot",
                "description": "Terra Nooble Vin Chilien",
                "priceList": [
                  {
                    "price": 8.0
                  },
                  {
                    "price": 9.5
                  },
                  {
                    "price": 17.0
                  },
                  {
                    "price": 24.0
                  }
                ]
              }
            ]
          },
          {
            "subCategoryName": "Blanc",
            "description": null,

            "items": [
              {
                "name": "Chardonnay ",
                "description": "IGP de l'Hérault",
                "priceList": [
                  {
                    "price": 6.0
                  },
                  {
                    "price": 10.0
                  },
                  {
                    "price": 16.0
                  },
                  {
                    "price": 24.0
                  }
                ]
              },
              {
                "name": "Chardonnay ",
                "description": "IGP de l'Hérault",
                "priceList": [
                  {
                    "price": 6.0
                  },
                  {
                    "price": 10.0
                  },
                  {
                    "price": 16.0
                  },
                  {
                    "price": 24.0
                  }
                ]
              },
              {
                "name": "Chardonnay ",
                "description": "IGP de l'Hérault",
                "priceList": [
                  {
                    "price": 6.0
                  },
                  {
                    "price": 10.0
                  },
                  {
                    "price": 16.0
                  },
                  {
                    "price": 24.0
                  }
                ]
              },
              {
                "name": "Chardonnay ",
                "description": "IGP de l'Hérault",
                "priceList": [
                  {
                    "price": 6.0
                  },
                  {
                    "price": 10.0
                  },
                  {
                    "price": 16.0
                  },
                  {
                    "price": 24.0
                  }
                ]
              },
              {
                "name": "Chardonnay ",
                "description": "IGP de l'Hérault",
                "priceList": [
                  {
                    "price": 6.0
                  },
                  {
                    "price": 10.0
                  },
                  {
                    "price": 16.0
                  },
                  {
                    "price": 24.0
                  }
                ]
              },
              {
                "name": "Chardonnay ",
                "description": "IGP de l'Hérault",
                "priceList": [
                  {
                    "price": 6.0
                  },
                  {
                    "price": 10.0
                  },
                  {
                    "price": 16.0
                  },
                  {
                    "price": 24.0
                  }
                ]
              },
              {
                "name": "Chardonnay ",
                "description": "IGP de l'Hérault",
                "priceList": [
                  {
                    "price": 6.0
                  },
                  {
                    "price": 10.0
                  },
                  {
                    "price": 16.0
                  },
                  {
                    "price": 24.0
                  }
                ]
              },
              {
                "name": "Chardonnay ",
                "description": "IGP de l'Hérault",
                "priceList": [
                  {
                    "price": 6.0
                  },
                  {
                    "price": 10.0
                  },
                  {
                    "price": 16.0
                  },
                  {
                    "price": 24.0
                  }
                ]
              }
            ]
          },
          {
            "subCategoryName": "Rosés",
            "description": null,

            "items": [
              {
                "name": "Côtes de provence",
                "description": "AOC Minuty",
                "priceList": [
                  {
                    "price": 6.0
                  },
                  {
                    "price": 10.0
                  },
                  {
                    "price": 16.0
                  },
                  {
                    "price": 24.0
                  }
                ]
              },
              {
                "name": "La demoiselle sans Gêne",
                "description": "IGP Méditérranée",
                "priceList": [
                  {
                    "price": 6.0
                  },
                  {
                    "price": 10.0
                  },
                  {
                    "price": 16.0
                  },
                  {
                    "price": 24.0
                  }
                ]
              },
              {
                "name": "Côtes de provence",
                "description": "AOC Les planchants",
                "priceList": [
                  {
                    "price": 6.0
                  },
                  {
                    "price": 10.0
                  },
                  {
                    "price": 16.0
                  },
                  {
                    "price": 24.0
                  }
                ]
              },
              {
                "name": "Côtes de provence",
                "description": "AOC Minuty",
                "priceList": [
                  {
                    "price": 6.0
                  },
                  {
                    "price": 10.0
                  },
                  {
                    "price": 16.0
                  },
                  {
                    "price": 24.0
                  }
                ]
              },
              {
                "name": "La demoiselle sans Gêne",
                "description": "IGP Méditérranée",
                "priceList": [
                  {
                    "price": 6.0
                  },
                  {
                    "price": 10.0
                  },
                  {
                    "price": 16.0
                  },
                  {
                    "price": 24.0
                  }
                ]
              },
              {
                "name": "Côtes de provence",
                "description": "AOC Les planchants",
                "priceList": [
                  {
                    "price": 6.0
                  },
                  {
                    "price": 10.0
                  },
                  {
                    "price": 16.0
                  },
                  {
                    "price": 24.0
                  }
                ]
              },
              {
                "name": "Côtes de provence",
                "description": "AOC Minuty",
                "priceList": [
                  {
                    "price": 6.0
                  },
                  {
                    "price": 10.0
                  },
                  {
                    "price": 16.0
                  },
                  {
                    "price": 24.0
                  }
                ]
              },
              {
                "name": "La demoiselle sans Gêne",
                "description": "IGP Méditérranée",
                "priceList": [
                  {
                    "price": 6.0
                  },
                  {
                    "price": 10.0
                  },
                  {
                    "price": 16.0
                  },
                  {
                    "price": 24.0
                  }
                ]
              },
              {
                "name": "Côtes de provence",
                "description": "AOC Les planchants",
                "priceList": [
                  {
                    "price": 6.0
                  },
                  {
                    "price": 10.0
                  },
                  {
                    "price": 16.0
                  },
                  {
                    "price": 24.0
                  }
                ]
              },
              {
                "name": "Côtes de provence",
                "description": "AOC Minuty",
                "priceList": [
                  {
                    "price": 6.0
                  },
                  {
                    "price": 10.0
                  },
                  {
                    "price": 16.0
                  },
                  {
                    "price": 24.0
                  }
                ]
              },
              {
                "name": "La demoiselle sans Gêne",
                "description": "IGP Méditérranée",
                "priceList": [
                  {
                    "price": 6.0
                  },
                  {
                    "price": 10.0
                  },
                  {
                    "price": 16.0
                  },
                  {
                    "price": 24.0
                  }
                ]
              },
              {
                "name": "Côtes de provence",
                "description": "AOC Les planchants",
                "priceList": [
                  {
                    "price": 6.0
                  },
                  {
                    "price": 10.0
                  },
                  {
                    "price": 16.0
                  },
                  {
                    "price": 24.0
                  }
                ]
              }
            ]
          }
        ]
      },
      {
        "categoryName": "Bières",
        "subCategoryList": [
          {
            "subCategoryName": "Pression",
            "description": null,
            "sizeItemList": [
              {
                "size": "25cl"
              },
              {
                "size": "50cl"
              }
            ],
            "items": [
              {
                "name": "Brooklyn Lager",
                "description": "",
                "priceList": [
                  {
                    "price": 5.6
                  },
                  {
                    "price": 9.5
                  }
                ]
              },
              {
                "name": "Brooklyn Lager",
                "description": "",
                "priceList": [
                  {
                    "price": 5.6
                  },
                  {
                    "price": 9.5
                  }
                ]
              },
              {
                "name": "Brooklyn Lager",
                "description": "",
                "priceList": [
                  {
                    "price": 5.6
                  },
                  {
                    "price": 9.5
                  }
                ]
              },
              {
                "name": "Brooklyn Lager",
                "description": "",
                "priceList": [
                  {
                    "price": 5.6
                  },
                  {
                    "price": 9.5
                  }
                ]
              },
              {
                "name": "Brooklyn Lager",
                "description": "",
                "priceList": [
                  {
                    "price": 5.6
                  },
                  {
                    "price": 9.5
                  }
                ]
              }
            ]
          },
          {
            "subCategoryName": "Bouteille",
            "description": null,
            "items": [
              {
                "name": "Kronenbourg",
                "description": "",
                "priceList": [
                  {
                    "price": 5
                  }
                ]
              },
              {
                "name": "La chouffe",
                "description": "",
                "priceList": [
                  {
                    "price": 6.8
                  }
                ]
              },
              {
                "name": "Desperados",
                "description": "",
                "priceList": [
                  {
                    "price": 6.8
                  }
                ]
              },
              {
                "name": "Tigre Back Brune",
                "description": "",
                "priceList": [
                  {
                    "price": 6.8
                  }
                ]
              },
              {
                "name": "Kronenbourg",
                "description": "",
                "priceList": [
                  {
                    "price": 5
                  }
                ]
              },
              {
                "name": "La chouffe",
                "description": "",
                "priceList": [
                  {
                    "price": 6.8
                  }
                ]
              },
              {
                "name": "Desperados",
                "description": "",
                "priceList": [
                  {
                    "price": 6.8
                  }
                ]
              },
              {
                "name": "Tigre Back Brune",
                "description": "",
                "priceList": [
                  {
                    "price": 6.8
                  }
                ]
              },
              {
                "name": "Kronenbourg",
                "description": "",
                "priceList": [
                  {
                    "price": 5
                  }
                ]
              },
              {
                "name": "La chouffe",
                "description": "",
                "priceList": [
                  {
                    "price": 6.8
                  }
                ]
              },
              {
                "name": "Desperados",
                "description": "",
                "priceList": [
                  {
                    "price": 6.8
                  }
                ]
              },
              {
                "name": "Tigre Back Brune",
                "description": "",
                "priceList": [
                  {
                    "price": 6.8
                  }
                ]
              }
            ]
          }
        ]
      },
      {
        "categoryName": "Champagnes",
        "subCategoryList": [
          {
            "subCategoryName": "Bouteille",
            "description": null,
            "sizeItemList": [
              {
                "size": "14cl"
              },
              {
                "size": "75cl"
              }
            ],
            "items": [
              {
                "name": "Crément d'Alsace",
                "description": "De la maison Gross",
                "priceList": [
                  {
                    "price": 6.0
                  },
                  {
                    "price": 36
                  }
                ]
              },
              {
                "name": "Mumm",
                "description": "",
                "priceList": [
                  {
                    "price": 0
                  },
                  {
                    "price": 37
                  }
                ]
              },
              {
                "name": "Ruinart",
                "description": "",
                "priceList": [
                  {
                    "price": 12
                  },
                  {
                    "price": 91
                  }
                ]
              },
              {
                "name": "Crément d'Alsace",
                "description": "De la maison Gross",
                "priceList": [
                  {
                    "price": 6.0
                  },
                  {
                    "price": 36
                  }
                ]
              },
              {
                "name": "Mumm",
                "description": "",
                "priceList": [
                  {
                    "price": 0
                  },
                  {
                    "price": 37
                  }
                ]
              },
              {
                "name": "Ruinart",
                "description": "",
                "priceList": [
                  {
                    "price": 12
                  },
                  {
                    "price": 91
                  }
                ]
              },
              {
                "name": "Crément d'Alsace",
                "description": "De la maison Gross",
                "priceList": [
                  {
                    "price": 6.0
                  },
                  {
                    "price": 36
                  }
                ]
              },
              {
                "name": "Mumm",
                "description": "",
                "priceList": [
                  {
                    "price": 0
                  },
                  {
                    "price": 37
                  }
                ]
              },
              {
                "name": "Ruinart",
                "description": "",
                "priceList": [
                  {
                    "price": 12
                  },
                  {
                    "price": 91
                  }
                ]
              },
              {
                "name": "Crément d'Alsace",
                "description": "De la maison Gross",
                "priceList": [
                  {
                    "price": 6.0
                  },
                  {
                    "price": 36
                  }
                ]
              },
              {
                "name": "Mumm",
                "description": "",
                "priceList": [
                  {
                    "price": 0
                  },
                  {
                    "price": 37
                  }
                ]
              },
              {
                "name": "Ruinart",
                "description": "",
                "priceList": [
                  {
                    "price": 12
                  },
                  {
                    "price": 91
                  }
                ]
              },
              {
                "name": "Crément d'Alsace",
                "description": "De la maison Gross",
                "priceList": [
                  {
                    "price": 6.0
                  },
                  {
                    "price": 36
                  }
                ]
              },
              {
                "name": "Mumm",
                "description": "",
                "priceList": [
                  {
                    "price": 0
                  },
                  {
                    "price": 37
                  }
                ]
              },
              {
                "name": "Ruinart",
                "description": "",
                "priceList": [
                  {
                    "price": 12
                  },
                  {
                    "price": 91
                  }
                ]
              }
            ]
          }
        ]
      },
      {
        "categoryName": "Champagnes",
        "subCategoryList": [
          {
            "subCategoryName": "Bouteille",
            "description": null,
            "sizeItemList": [
              {
                "size": "14cl"
              },
              {
                "size": "75cl"
              }
            ],
            "items": [
              {
                "name": "Crément d'Alsace",
                "description": "De la maison Gross",
                "priceList": [
                  {
                    "price": 6.0
                  },
                  {
                    "price": 36
                  }
                ]
              },
              {
                "name": "Mumm",
                "description": "",
                "priceList": [
                  {
                    "price": 0
                  },
                  {
                    "price": 37
                  }
                ]
              },
              {
                "name": "Ruinart",
                "description": "",
                "priceList": [
                  {
                    "price": 12
                  },
                  {
                    "price": 91
                  }
                ]
              }
            ]
          }
        ]
      }
    ]
  },
  "language": "fr",
  "popUpList": [
    {
      "image": "https://material.angular.io/assets/img/examples/shiba1.jpg",
      "description": "Description 1",
      "description1": "Text Description 1",
      "description2": "Text Description 1",
      "prix": null,
      "type": "lien",
      "lien": "0"
    },
    {
      "image": "https://material.angular.io/assets/img/examples/shiba1.jpg",
      "description": "Description 2",
      "description1": "Text Description 2",
      "description2": "Text Description 2",
      "prix": "PRIX",
      "type": "popup",
      "lien": null
    },
    {
      "image": "https://material.angular.io/assets/img/examples/shiba1.jpg",
      "description": "Description 3",
      "description1": "Text Description 3",
      "description2": "Text Description 3",
      "prix": null,
      "type": "popup",
      "lien": null
    },
    {
      "image": "https://material.angular.io/assets/img/examples/shiba1.jpg",
      "description": "Description 4",
      "description1": "Text Description 4",
      "description2": "Text Description 4",
      "prix": null,
      "type": "lien",
      "lien": "1"
    }
  ],
  "socialMediaList": [
    {
      "name": "facebook",
      "url": "http://facebook.com/lebistrot"
    },
    {
      "name": "instagram",
      "url": "http://instagram.com/lebistrot"
    },
    {
      "name": "youtube",
      "url": "http://youtube.com/lebistrot"
    },
    {
      "name": "twitter",
      "url": "http://twitter.com/lebistrot"
    }
  ]
}
